EUBWID,label,Site Name in Files,samplePointID,yearDesignated,yearDedesignated,district,county,country,easting,northing,lat,long,seasonStartDate,seasonFinishDate,pollutionRiskForecasting,appointedSewerageUndertaker,stepChange,stepChangeDate,region
ukd5300-41300,Ainsdale,Ainsdale,41300,1988,,Sefton,,England,329700,412900,53.60792741,-3.063987798,01/05/2022,30/09/2022,True,United Utilities Water Limited,,,North West
ukd1101-46100,Allonby,Allonby,46100,1988,,Allerdale,Cumbria,England,307800,542400,54.76803625,-3.434625292,01/05/2022,30/09/2022,True,United Utilities Water Limited,,,North West
ukd1101-46000,Allonby South,Allonby_South,46000,1988,2019.0,Allerdale,Cumbria,England,306339,539751,54.74396018,-3.456453603,01/05/2019,30/09/2019,True,United Utilities Water Limited,,,North West
ukc2101-04250,Amble Links,Amble_Links,4250,1991,,Northumberland,,England,428500,603600,55.32565184,-1.552400659,01/05/2022,30/09/2022,False,Northumbrian Water Limited,,,North East
ukf3102-09400,Anderby,Anderby,9400,1988,,Lincolnshire,,England,555218,376164,53.25977424,0.325519541,01/05/2022,30/09/2022,False,Anglian Water Services Limited,,,East Midlands
ukk4200-23501,Anstey's Cove (Torquay),Ansteys_Cove_Torquay,23501,2004,,Torbay,,England,293574,64634,50.47184615,-3.501089731,01/05/2022,30/09/2022,False,South West Water Limited,,,South West
ukk4200-23400,Babbacombe,Babbacombe,23400,1988,,Torbay,,England,293000,65450,50.47907733,-3.509409069,01/05/2022,30/09/2022,False,South West Water Limited,,,South West
ukc2102-03700,Bamburgh Castle,Bamburgh_Castle,3700,1988,,Northumberland,,England,418500,635300,55.61096248,-1.707903477,01/05/2022,30/09/2022,False,Northumbrian Water Limited,,,North East
ukk4305-25700,Bantham,Bantham,25700,1988,,South Hams,Devon,England,266230,43800,50.2789762,-3.878799945,01/05/2022,30/09/2022,True,South West Water Limited,,,South West
ukj3307-16350,Beachlands Central,Beachlands_Central,16350,1998,,Havant,Hampshire,England,471350,98710,50.78359334,-0.989275631,01/05/2022,30/09/2022,False,Southern Water Services Limited,,,South East
ukj3307-16400,Beachlands West,Beachlands_West,16400,1988,,Havant,Hampshire,England,470500,98700,50.78360723,-1.001332856,01/05/2022,30/09/2022,False,Southern Water Services Limited,,,South East
ukk4200-23700,Beacon Cove,Beacon_Cove,23700,1988,,Torbay,,England,291950,63070,50.45748857,-3.523514104,01/05/2022,30/09/2022,False,South West Water Limited,,,South West
ukc2102-03900,Beadnell,Beadnell,3900,1988,,Northumberland,,England,423300,628400,55.5487603,-1.632287511,01/05/2022,30/09/2022,False,Northumbrian Water Limited,,,North East
ukk4301-21700,Beer,Beer,21700,1988,,East Devon,,England,323121,89111,50.69655106,-3.089887555,01/05/2022,30/09/2022,True,South West Water Limited,,,South West
ukj3400-18200,Bembridge,Bembridge,18200,1988,,Isle of Wight,,England,465817,87808,50.68622183,-1.069693125,01/05/2022,30/09/2022,True,Southern Water Services Limited,,,South East
ukk2302-35500,Berrow North of Unity Farm,Berrow_North_of_Unity_Farm,35500,1988,,Sedgemoor,Somerset,England,329114,154114,51.28174586,-3.017755193,01/05/2022,30/09/2022,False,Wessex Water Services Limited,,,South West
ukj2205-14200,Bexhill,Bexhill,14200,1988,,Rother,East Sussex,England,574042,107018,50.83653388,0.470332162,01/05/2022,30/09/2022,True,Southern Water Services Limited,,,South East
ukk4305-25900,Bigbury-on-Sea North,Bigbury-on-Sea_North,25900,1988,,South Hams,Devon,England,264950,44300,50.28317869,-3.89693283,01/05/2022,30/09/2022,False,South West Water Limited,,,South West
ukk4305-25800,Bigbury-on-Sea South,Bigbury-on-Sea_South,25800,1988,,South Hams,Devon,England,265080,44130,50.28168041,-3.895048496,01/05/2022,30/09/2022,True,South West Water Limited,,,South West
ukj2201-14550,Birling Gap,Birling_Gap,14550,1998,,Wealden,East Sussex,England,555367,95973,50.74259534,0.20066902,01/05/2022,30/09/2022,False,Southern Water Services Limited,,,South East
ukd4200-42600,Bispham,Bispham,42600,1988,,Blackpool,,England,330700,439700,53.84890019,-3.054890542,01/05/2022,30/09/2022,True,United Utilities Water Limited,,,North West
ukd4200-42300,Blackpool Central,Blackpool_Central,42300,1988,,Blackpool,,England,330536,434556,53.8026523,-3.056219151,01/05/2022,30/09/2022,True,United Utilities Water Limited,,,North West
ukd4200-42500,Blackpool North,Blackpool_North,42500,1988,,Blackpool,,England,330534,436055,53.81612266,-3.056588326,01/05/2022,30/09/2022,True,United Utilities Water Limited,"Step Change in water quality from 30/04/2015, due to improvements made to Water plc assets.",30/04/2015,North West
ukk4305-24800,Blackpool Sands,Blackpool_Sands,24800,1988,,South Hams,Devon,England,285500,47850,50.31944156,-3.609700137,01/05/2022,30/09/2022,False,South West Water Limited,,,South West
ukd4200-42100,Blackpool South,Blackpool_South,42100,1988,,Blackpool,,England,330326,433222,53.79063629,-3.059104944,01/05/2022,30/09/2022,True,United Utilities Water Limited,"Step Change in water quality from 05/05/2014, due to improvements made to Water plc assets.",05/05/2014,North West
ukk2305-35200,Blue Anchor West,Blue_Anchor_West,35200,1988,,Somerset West and Taunton,Somerset,England,302161,143509,51.18241849,-3.401198912,01/05/2022,30/09/2022,True,Wessex Water Services Limited,,,South West
ukc2103-04600,Blyth South Beach,Blyth_South_Beach,4600,1988,,Northumberland,,England,432200,579500,55.10887436,-1.496828271,01/05/2022,30/09/2022,True,Northumbrian Water Limited,,,North East
ukj2402-15700,Bognor Regis (Aldwick),Bognor_Regis_Aldwick,15700,1988,,Arun,,England,492360,98557,50.77925616,-0.691360026,01/05/2022,30/09/2022,True,Southern Water Services Limited,,,South East
ukj2402-15680,Bognor Regis East,Bognor_Regis_East,15680,1999,,Arun,,England,493900,98930,50.78236249,-0.669428029,01/05/2022,30/09/2022,True,Southern Water Services Limited,,,South East
ukk3104-32750,Booby's Bay,Boobys_Bay,32750,2018,,Cornwall,,England,185692,75404,50.53904519,-5.025815465,01/05/2022,30/09/2022,False,South West Water Limited,,,South West
ukj4210-12660,"Botany Bay, Broadstairs","Botany_Bay,_Broadstairs",12660,1997,,Thanet,Kent,England,639100,171200,51.38944566,1.4352576,01/05/2022,30/09/2022,False,Southern Water Services Limited,,,South East
ukk2101-19160,Bournemouth Alum Chine,Bournemouth_Alum_Chine,19160,2000,,"Bournemouth, Christchurch and Poole",,England,407481,90171,50.7111346,-1.89542149,01/05/2022,30/09/2022,False,Wessex Water Services Limited,,,South West
ukk2101-19060,Bournemouth Boscombe Pier,Bournemouth_Boscombe_Pier,19060,1993,,"Bournemouth, Christchurch and Poole",,England,411107,91104,50.71946751,-1.844038808,01/05/2022,30/09/2022,True,Wessex Water Services Limited,,,South West
ukk2101-19150,Bournemouth Durley Chine,Bournemouth_Durley_Chine,19150,1993,,"Bournemouth, Christchurch and Poole",,England,407951,90387,50.71307087,-1.888760306,01/05/2022,30/09/2022,False,Wessex Water Services Limited,,,South West
ukk2101-19030,Bournemouth Fisherman`s Walk,Bournemouth_Fishermans_Walk,19030,1993,,"Bournemouth, Christchurch and Poole",,England,413024,91248,50.72072304,-1.816878602,01/05/2022,30/09/2022,False,Wessex Water Services Limited,,,South West
ukk2101-19000,Bournemouth Hengistbury West,Bournemouth_Hengistbury_West,19000,1988,,"Bournemouth, Christchurch and Poole",,England,416257,90826,50.71684737,-1.77109905,01/05/2022,30/09/2022,False,Wessex Water Services Limited,,,South West
ukk2101-19050,Bournemouth Manor Steps,Bournemouth_Manor_Steps,19050,2018,,"Bournemouth, Christchurch and Poole",,England,411936,91195,50.72026046,-1.83228185,01/05/2022,30/09/2022,False,Wessex Water Services Limited,,,South West
ukk2101-19100,Bournemouth Pier,Bournemouth_Pier,19100,1988,,"Bournemouth, Christchurch and Poole",,England,408860,90657,50.71548593,-1.875879236,01/05/2022,30/09/2022,False,Wessex Water Services Limited,,,South West
ukk2101-19020,Bournemouth Southbourne,Bournemouth_Southbourne,19020,2000,,"Bournemouth, Christchurch and Poole",,England,414800,91060,50.71899027,-1.791727608,01/05/2022,30/09/2022,False,Wessex Water Services Limited,,,South West
ukk4305-26300,Bovisand,Bovisand,26300,1988,,South Hams,Devon,England,249260,50550,50.33554673,-4.119504263,01/05/2022,30/09/2022,False,South West Water Limited,,,South West
ukk2206-20400,Bowleaze Cove,Bowleaze_Cove,20400,1988,,Dorset,,England,370236,81919,50.63620687,-2.422250206,01/05/2022,30/09/2022,False,Wessex Water Services Limited,,,South West
ukj2403-16000,Bracklesham Bay,Bracklesham_Bay,16000,1988,,Chichester,West Sussex,England,480462,96331,50.76101317,-0.860567028,01/05/2022,30/09/2022,False,Southern Water Services Limited,,,South East
ukk4200-24500,Breakwater Beach (Shoalstone),Breakwater_Beach_Shoalstone,24500,1988,,Torbay,,England,293170,56660,50.40008631,-3.504505857,01/05/2022,30/09/2022,False,South West Water Limited,,,South West
ukk2302-35600,Brean,Brean,35600,1988,,Sedgemoor,Somerset,England,329600,158500,51.32123798,-3.011654923,01/05/2022,30/09/2022,False,Wessex Water Services Limited,,,South West
uke1200-08000,Bridlington North Beach,Bridlington_North_Beach,8000,1988,,East Riding of Yorkshire,,England,518972,467175,54.08675644,-0.182691651,01/05/2022,30/09/2022,True,Yorkshire Water Services Limited,"Step Change in water quality from 31/03/2014, due to improvements made to Water plc assets.",31/03/2014,Yorkshire and The Humber
uke1200-08100,Bridlington South Beach,Bridlington_South_Beach,8100,1988,,East Riding of Yorkshire,,England,517948,466087,54.07720861,-0.198744945,01/05/2022,30/09/2022,True,Yorkshire Water Services Limited,"Step Change in water quality from 31/03/2014, due to improvements made to Water plc assets.",31/03/2014,Yorkshire and The Humber
ukh3311-11700,Brightlingsea,Brightlingsea,11700,1988,,Tendring,,England,607647,216182,51.80571144,1.010494962,01/05/2022,30/09/2022,True,Anglian Water Services Limited,,,East of England
ukj2100-14950,Brighton Central,Brighton_Central,14950,2007,,The City of Brighton and Hove,,England,530701,103940,50.82027276,-0.145883429,01/05/2022,30/09/2022,False,Southern Water Services Limited,,,South East
ukj2100-14900,Brighton Kemptown,Brighton_Kemptown,14900,1988,,The City of Brighton and Hove,,England,532384,103503,50.8159632,-0.122161895,01/05/2022,30/09/2022,False,Southern Water Services Limited,,,South East
ukk4200-24300,Broadsands,Broadsands,24300,1988,,Torbay,,England,289642,57393,50.40602328,-3.554342761,01/05/2022,30/09/2022,False,South West Water Limited,,,South West
ukj4210-12750,"Broadstairs, Stone Bay","Broadstairs,_Stone_Bay",12750,1997,,Thanet,Kent,England,639923,168564,51.36543951,1.445285432,01/05/2022,30/09/2022,False,Southern Water Services Limited,,,South East
ukj4210-12800,"Broadstairs, Viking Bay","Broadstairs,_Viking_Bay",12800,1988,,Thanet,Kent,England,639800,167700,51.35773664,1.442939769,01/05/2022,30/09/2022,True,Southern Water Services Limited,,,South East
ukk4301-22100,Budleigh Salterton,Budleigh_Salterton,22100,1988,,East Devon,,England,306860,81900,50.62934134,-3.318247039,01/05/2022,30/09/2022,True,South West Water Limited,,,South West
ukk2302-35300,Burnham Jetty North,Burnham_Jetty_North,35300,1988,2020.0,Sedgemoor,Somerset,England,330322,148972,51.2357,-2.9994,01/05/2019,30/09/2019,True,Wessex Water Services Limited,,,South West
ukh1303-10350,Caister Point,Caister_Point,10350,1991,,Great Yarmouth,Norfolk,England,652922,311945,52.64623297,1.737401191,01/05/2022,30/09/2022,False,Anglian Water Services Limited,,,East of England
ukj3308-16900,Calshot,Calshot,16900,1988,,New Forest,Hampshire,England,448138,101306,50.80932353,-1.318168307,01/05/2022,30/09/2022,False,Southern Water Services Limited,,,South East
ukj2204-13900,Camber,Camber,13900,1988,,Rother,East Sussex,England,596586,118585,50.93321366,0.796331259,01/05/2022,30/09/2022,False,Southern Water Services Limited,,,South East
ukk3105-31100,Carbis Bay,Carbis_Bay,31100,1988,,Cornwall,,England,152820,38940,50.19875898,-5.464938627,01/05/2022,30/09/2022,False,South West Water Limited,,,South West
ukk3101-26530,Cawsand,Cawsand,26530,1998,,Cornwall,,England,243420,50200,50.33087703,-4.201357187,01/05/2022,30/09/2022,False,South West Water Limited,,,South West
uke2206-07500,Cayton Bay,Cayton_Bay,7500,1988,,Scarborough,North Yorkshire,England,506775,484468,54.24478304,-0.362946553,01/05/2022,30/09/2022,False,Yorkshire Water Services Limited,,,Yorkshire and The Humber
ukk4305-26000,Challaborough,Challaborough,26000,1988,,South Hams,Devon,England,264920,44800,50.28766602,-3.897532448,01/05/2022,30/09/2022,True,South West Water Limited,,,South West
ukk3102-31650,Chapel Porth,Chapel_Porth,31650,2012,,Cornwall,,England,169729,49503,50.3004,-5.2348,01/05/2022,30/09/2022,False,South West Water Limited,,,South West
ukf3102-09500,Chapel St Leonards,Chapel_St_Leonards,9500,1988,,Chapel St. Leonards,Lincolnshire,England,556313,372177,53.2236447,0.339965692,01/05/2022,30/09/2022,False,Anglian Water Services Limited,,,East Midlands
ukk3106-27600,Charlestown,Charlestown,27600,1988,,Cornwall,,England,204000,51550,50.33120498,-4.755309868,01/05/2022,30/09/2022,False,South West Water Limited,,,South West
ukk2205-21300,Charmouth West,Charmouth_West,21300,1988,,Dorset,,England,336260,93050,50.73356001,-2.904564296,01/05/2022,30/09/2022,True,Wessex Water Services Limited,,,South West
ukk2201-18800,Christchurch Avon Beach,Christchurch_Avon_Beach,18800,1988,,"Bournemouth, Christchurch and Poole",,England,418895,92216,50.72926781,-1.733662117,01/05/2022,30/09/2022,False,Wessex Water Services Limited,,,South West
ukk2201-17200,Christchurch Bay,Christchurch_Bay,17200,1988,,New Forest,Hampshire,England,423900,92800,50.7343361,-1.662712354,01/05/2022,30/09/2022,False,Southern Water Services Limited,,,South East
ukk2201-18750,Christchurch Friar`s Cliff,Christchurch_Friars_Cliff,18750,1990,,"Bournemouth, Christchurch and Poole",,England,419194,92528,50.73206374,-1.729409648,01/05/2022,30/09/2022,False,Wessex Water Services Limited,,,South West
ukk2201-18700,Christchurch Highcliffe Castle,Christchurch_Highcliffe_Castle,18700,1988,,"Bournemouth, Christchurch and Poole",,England,420248,92931,50.73565217,-1.714453362,01/05/2022,30/09/2022,False,Wessex Water Services Limited,,,South West
ukk2201-18900,Christchurch Mudeford Sandbank East,Christchurch_Mudeford_Sandbank_East,18900,1988,,"Bournemouth, Christchurch and Poole",,England,418300,91100,50.71925102,-1.742147286,01/05/2022,30/09/2022,False,Wessex Water Services Limited,,,South West
ukk3103-29501,Church Cove,Church_Cove,29501,2004,,Cornwall,,England,166100,20500,50.03858573,-5.267882204,01/05/2022,30/09/2022,True,South West Water Limited,,,South West
ukk2206-20500,Church Ope Cove,Church_Ope_Cove,20500,1988,,Dorset,,England,369760,71000,50.53799179,-2.428088941,01/05/2022,30/09/2022,False,Wessex Water Services Limited,,,South West
ukh3311-11500,Clacton,Clacton,11500,1988,,Tendring,,England,618790,215250,51.79309928,1.171275828,01/05/2022,30/09/2022,True,Anglian Water Services Limited,,,East of England
ukh3311-11550,Clacton (Groyne 41),Clacton_Groyne_41,11550,1995,2020.0,Tendring,,England,617600,214300,51.785,1.1535,01/05/2019,30/09/2019,False,Anglian Water Services Limited,,,East of England
ukh3311-11650,Clacton Beach Martello Tower,Clacton_Beach_Martello_Tower,11650,2005,,Tendring,,England,616700,213700,51.77999703,1.140050759,01/05/2022,30/09/2022,True,Anglian Water Services Limited,,,East of England
uke1301-09000,Cleethorpes,Cleethorpes,9000,1988,,North East Lincolnshire,,England,531109,408508,53.55682662,-0.022225057,01/05/2022,30/09/2022,True,Anglian Water Services Limited,,,Yorkshire and The Humber
ukk1202-36000,Clevedon Beach,Clevedon_Beach,36000,1988,,North Somerset,,England,340224,171824,51.44224,-2.86146,01/05/2022,30/09/2022,True,Wessex Water Services Limited,,,South West
ukd4312-42800,Cleveleys,Cleveleys,42800,1988,,Wyre,Lancashire,England,331200,443300,53.88131763,-3.048100349,01/05/2022,30/09/2022,True,United Utilities Water Limited,,,North West
ukj3400-17600,Colwell Bay,Colwell_Bay,17600,1988,,Isle of Wight,,England,432699,87859,50.68947777,-1.538470268,01/05/2022,30/09/2022,True,Southern Water Services Limited,,,South East
ukf1400-09750,Colwick Country Park (West Lake),Colwick_Country_Park_West_Lake,9750,2013,,City of Nottingham,,England,460698,339020,52.94514355,-1.098157379,01/05/2022,30/09/2022,False,Severn Trent Water Limited,,,East Midlands
ukk4304-34700,Combe Martin,Combe_Martin,34700,1988,,Combe Martin,Devon,England,257720,147320,51.20732429,-4.038174649,01/05/2022,30/09/2022,True,South West Water Limited,,,South West
ukk4304-34410,"Combesgate Beach, Woolacombe","Combesgate_Beach,_Woolacombe",34410,1999,,Mortehoe,Devon,England,245450,144440,51.17825641,-4.21244811,01/05/2022,30/09/2022,True,South West Water Limited,,,South West
ukj3400-17400,Compton Bay,Compton_Bay,17400,1988,,Isle of Wight,,England,437681,84179,50.65608555,-1.468319236,01/05/2022,30/09/2022,False,Southern Water Services Limited,,,South East
ukk3104-32700,Constantine Bay,Constantine_Bay,32700,1988,,Cornwall,,England,185890,74750,50.5332515,-5.022660559,01/05/2022,30/09/2022,False,South West Water Limited,,,South West
ukk1302-11760,Cotswold Country Park and Beach,Cotswold_Country_Park_and_Beach,11760,1998,,Cotswold,,England,402800,195800,51.66098532,-1.96093036,01/05/2022,30/09/2022,False,Thames Water Utilities Limited,,,South West
ukk3103-29100,Coverack,Coverack,29100,1988,,Cornwall,,England,178260,18400,50.02438167,-5.097117317,01/05/2022,30/09/2022,True,South West Water Limited,,,South West
ukj3400-17800,Cowes,Cowes,17800,1988,,Isle of Wight,,England,448800,96700,50.76785154,-1.309383644,01/05/2022,30/09/2022,True,Southern Water Services Limited,,,South East
ukk3104-33360,Crackington Haven,Crackington_Haven,33360,2002,,St. Gennys,,England,214270,96900,50.74193646,-4.633780919,01/05/2022,30/09/2022,True,South West Water Limited,,,South West
ukk3106-32100,Crantock,Crantock,32100,1988,,Cornwall,,England,178460,60980,50.40683393,-5.119187061,01/05/2022,30/09/2022,True,South West Water Limited,,,South West
ukc1404-05900,Crimdon,Crimdon,5900,1988,,County Durham,,England,448482,537268,54.7280784,-1.248732185,01/05/2022,30/09/2022,True,Northumbrian Water Limited,,,North East
ukk3106-27500,Crinnis Beach,Crinnis_Beach,27500,1988,,Cornwall,,England,205550,52040,50.33612048,-4.733810427,01/05/2022,30/09/2022,True,South West Water Limited,,,South West
ukh1305-10200,Cromer,Cromer,10200,1988,,North Norfolk,Norfolk,England,622025,342339,52.93251242,1.302162611,01/05/2022,30/09/2022,False,Anglian Water Services Limited,,,East of England
ukk3104-33600,Crooklets,Crooklets,33600,1988,,Cornwall,,England,220260,107140,50.8358149,-4.553985604,01/05/2022,30/09/2022,True,South West Water Limited,,,South West
ukk4304-34200,Croyde Bay,Croyde_Bay,34200,1988,,North Devon,Devon,England,243470,139300,51.13153391,-4.238514539,01/05/2022,30/09/2022,True,South West Water Limited,,,South West
uke1200-07950,"Danes Dyke, Flamborough","Danes_Dyke,_Flamborough",7950,1999,,East Riding of Yorkshire,,England,521592,469167,54.10403879,-0.141861016,01/05/2022,30/09/2022,False,Yorkshire Water Services Limited,,,Yorkshire and The Humber
ukk4305-24700,Dartmouth Castle and Sugary Cove,Dartmouth_Castle_and_Sugary_Cove,24700,1988,,South Hams,Devon,England,288700,50300,50.34208047,-3.565492828,01/05/2022,30/09/2022,False,South West Water Limited,,,South West
ukk4306-22600,Dawlish Coryton Cove,Dawlish_Coryton_Cove,22600,1988,,Teignbridge,Devon,England,296110,76040,50.5748418,-3.468545987,01/05/2022,30/09/2022,False,South West Water Limited,,,South West
ukk4306-22500,Dawlish Town,Dawlish_Town,22500,1988,,Teignbridge,Devon,England,296467,76705,50.58087556,-3.463680564,01/05/2022,30/09/2022,True,South West Water Limited,,,South West
ukk4306-22400,Dawlish Warren,Dawlish_Warren,22400,1988,,Teignbridge,Devon,England,298260,78760,50.59967359,-3.438938539,01/05/2022,30/09/2022,False,South West Water Limited,,,South West
ukk3104-33200,Daymer Bay,Daymer_Bay,33200,1988,,Cornwall,,England,192830,77600,50.5613478,-4.926454333,01/05/2022,30/09/2022,False,South West Water Limited,,,South West
ukj4204-13100,Deal Castle,Deal_Castle,13100,1988,,Dover,Kent,England,637837,152805,51.22486582,1.404885309,01/05/2022,30/09/2022,False,Southern Water Services Limited,,,South East
ukh3311-11100,Dovercourt,Dovercourt,11100,1988,,Tendring,,England,625170,230640,51.92871452,1.273653637,01/05/2022,30/09/2022,False,Anglian Water Services Limited,,,East of England
ukk3101-26700,Downderry,Downderry,26700,1988,,Cornwall,,England,231470,53920,50.36100434,-4.370775756,01/05/2022,30/09/2022,False,South West Water Limited,,,South West
ukc2104-04280,Druridge Bay North,Druridge_Bay_North,4280,2008,,Northumberland,,England,427500,599750,55.29111457,-1.568535756,01/05/2022,30/09/2022,True,Northumbrian Water Limited,,,North East
ukc2104-04300,Druridge Bay South,Druridge_Bay_South,4300,1988,,Northumberland,,England,429100,594100,55.24025511,-1.543923843,01/05/2022,30/09/2022,False,Northumbrian Water Limited,,,North East
ukk2305-35100,Dunster Beach,Dunster_Beach,35100,1988,,Somerset West and Taunton,Somerset,England,300408,144655,51.1922413,-3.426872624,01/05/2022,30/09/2022,True,Wessex Water Services Limited,,,South West
ukk3106-27700,Duporth,Duporth,27700,1988,,Cornwall,,England,203520,51150,50.32745191,-4.761837457,01/05/2022,30/09/2022,True,South West Water Limited,,,South West
ukk2204-20100,Durdle Door East,Durdle_Door_East,20100,1988,,Dorset,,England,380703,80291,50.62200948,-2.274158591,01/05/2022,30/09/2022,False,Wessex Water Services Limited,,,South West
ukk2204-20200,Durdle Door West,Durdle_Door_West,20200,1988,,Dorset,,England,380493,80285,50.62194849,-2.277126845,01/05/2022,30/09/2022,False,Wessex Water Services Limited,,,South West
ukj4208-13600,Dymchurch,Dymchurch,13600,1988,,Shepway,Kent,England,610240,129300,51.02462308,0.996565672,01/05/2022,30/09/2022,False,Southern Water Services Limited,,,South East
ukj3400-17850,East Cowes,East_Cowes,17850,2022,,Isle of Wight,,England,450642,96377,50.76477,-1.28329,01/05/2022,30/09/2022,False,Southern Water Services Limited,,,South East
ukk3101-27000,East Looe,East_Looe,27000,1988,,Cornwall,,England,225700,53170,50.35258417,-4.45147295,01/05/2022,30/09/2022,True,South West Water Limited,"Step Change in water quality from 30/04/2015, due to improvements made to Water plc assets.",30/04/2015,South West
ukh1305-10150,East Runton,East_Runton,10150,2010,,North Norfolk,Norfolk,England,620242,342763,52.93706193,1.275953324,01/05/2022,30/09/2022,False,Anglian Water Services Limited,,,East of England
ukj2201-14500,Eastbourne,Eastbourne,14500,1988,,Eastbourne,East Sussex,England,561400,98200,50.76096183,0.287079794,01/05/2022,30/09/2022,True,Southern Water Services Limited,,,South East
ukj3100-16500,Eastney,Eastney,16500,1988,,City of Portsmouth,,England,467410,98774,50.78463945,-1.045144414,01/05/2022,30/09/2022,False,Southern Water Services Limited,,,South East
ukj3307-16300,Eastoke,Eastoke,16300,1988,,Havant,Hampshire,England,472900,98400,50.7806136,-0.96735398,01/05/2022,30/09/2022,False,Southern Water Services Limited,,,South East
ukk4301-22300,Exmouth,Exmouth,22300,1988,,East Devon,,England,300920,79980,50.6110998,-3.401691312,01/05/2022,30/09/2022,True,South West Water Limited,,,South West
ukk2205-21100,Eypemouth,Eypemouth,21100,1988,,Dorset,,England,344685,91013,50.71610894,-2.784889676,01/05/2022,30/09/2022,False,Wessex Water Services Limited,,,South West
ukh1406-10900,Felixstowe North,Felixstowe_North,10900,1988,,East Suffolk,Suffolk,England,630598,234411,51.96034059,1.354985829,01/05/2022,30/09/2022,False,Anglian Water Services Limited,,,East of England
ukh1406-11000,Felixstowe South,Felixstowe_South,11000,1988,,East Suffolk,Suffolk,England,629700,233700,51.95433041,1.341464361,01/05/2022,30/09/2022,False,Anglian Water Services Limited,,,East of England
ukj2402-15650,Felpham,Felpham,15650,1996,,Arun,,England,495080,99390,50.78630588,-0.65257607,01/05/2022,30/09/2022,True,Southern Water Services Limited,,,South East
uke2206-07600,Filey,Filey,7600,1988,,Scarborough,North Yorkshire,England,512003,480524,54.20823726,-0.284226457,01/05/2022,30/09/2022,True,Yorkshire Water Services Limited,,,Yorkshire and The Humber
ukk3106-32200,Fistral North,Fistral_North,32200,1988,,Cornwall,,England,179980,62130,50.41773218,-5.09850303,01/05/2022,30/09/2022,False,South West Water Limited,,,South West
ukk3106-32150,Fistral South,Fistral_South,32150,2018,,Cornwall,,England,179750,61743,50.41416381,-5.101497644,01/05/2022,30/09/2022,False,South West Water Limited,,,South West
uke1200-07900,Flamborough South Landing,Flamborough_South_Landing,7900,1988,,East Riding of Yorkshire,,England,523124,469230,54.10424081,-0.118418582,01/05/2022,30/09/2022,False,Yorkshire Water Services Limited,,,Yorkshire and The Humber
ukd4312-43000,Fleetwood,Fleetwood,43000,1988,,Wyre,Lancashire,England,333120,448310,53.92659085,-3.019994651,01/05/2022,30/09/2022,True,United Utilities Water Limited,"Step Change in water quality from 30/04/2015, due to improvements made to Water plc assets.",30/04/2015,North West
ukj4208-13300,Folkestone,Folkestone,13300,1988,,Shepway,Kent,England,623615,136249,51.08197047,1.191271165,01/05/2022,30/09/2022,False,Southern Water Services Limited,,,South East
ukd5300-41200,Formby,Formby,41200,1988,,Sefton,,England,326800,406300,53.54821805,-3.106258875,01/05/2022,30/09/2022,False,United Utilities Water Limited,,,North West
uke1200-08300,Fraisthorpe,Fraisthorpe,8300,1988,,East Riding of Yorkshire,,England,517030,462873,54.04855538,-0.214023771,01/05/2022,30/09/2022,True,Yorkshire Water Services Limited,,,Yorkshire and The Humber
ukj2310-11945,Frensham Great Pond,Frensham_Great_Pond,11945,1998,,Waverley,Surrey,England,484588,140478,51.15732271,-0.79183358,01/05/2022,30/09/2022,False,Thames Water Utilities Limited,,,South East
ukh3311-11300,Frinton,Frinton,11300,1988,,Tendring,,England,623928,219342,51.82778896,1.248309418,01/05/2022,30/09/2022,True,Anglian Water Services Limited,,,East of England
ukk3105-31450,Godrevy Towans,Godrevy_Towans,31450,2018,,Cornwall,,England,158194,42479,50.23274436,-5.392021708,01/05/2022,30/09/2022,False,South West Water Limited,,,South West
ukk4200-24200,Goodrington,Goodrington,24200,1988,,Torbay,,England,289317,59350,50.42355515,-3.559492136,01/05/2022,30/09/2022,True,South West Water Limited,,,South West
ukh1303-10650,Gorleston Beach,Gorleston_Beach,10650,1991,,Great Yarmouth,Norfolk,England,653096,303434,52.56979184,1.733474174,01/05/2022,30/09/2022,False,Anglian Water Services Limited,,,East of England
ukk3106-28200,Gorran Haven Little Perhaver,Gorran_Haven_Little_Perhaver,28200,1988,,St. Goran,,England,201330,41590,50.24084294,-4.787542868,01/05/2022,30/09/2022,True,South West Water Limited,,,South West
ukk3106-32310,Great Western,Great_Western,32310,1996,,Cornwall,,England,181530,61870,50.41597606,-5.076566444,01/05/2022,30/09/2022,False,South West Water Limited,,,South West
ukh1303-10400,Great Yarmouth North,Great_Yarmouth_North,10400,1988,,Great Yarmouth,Norfolk,England,653361,310410,52.63225858,1.742698731,01/05/2022,30/09/2022,False,Anglian Water Services Limited,,,East of England
ukh1303-10500,Great Yarmouth Pier,Great_Yarmouth_Pier,10500,1988,,Great Yarmouth,Norfolk,England,653300,307400,52.60528559,1.739494757,01/05/2022,30/09/2022,False,Anglian Water Services Limited,,,East of England
ukh1303-10600,Great Yarmouth South,Great_Yarmouth_South,10600,1988,,Great Yarmouth,Norfolk,England,653300,306400,52.59631497,1.738729916,01/05/2022,30/09/2022,False,Anglian Water Services Limited,,,East of England
ukj3400-17700,Gurnard,Gurnard,17700,1988,,Isle of Wight,,England,447700,95900,50.76074922,-1.325084135,01/05/2022,30/09/2022,True,Southern Water Services Limited,,,South East
ukk3105-31400,Gwithian Towans,Gwithian_Towans,31400,1988,,Cornwall,,England,158180,41950,50.22799616,-5.391890886,01/05/2022,30/09/2022,True,South West Water Limited,,,South West
ukk3105-30750,Gwynver,Gwynver,30750,2018,,Cornwall,,England,136240,27543,50.08931061,-5.688870996,01/05/2022,30/09/2022,False,South West Water Limited,,,South West
ukk3102-28600,Gyllyngvase,Gyllyngvase,28600,1988,,Cornwall,,England,180940,31680,50.1446386,-5.067367724,01/05/2022,30/09/2022,False,South West Water Limited,,,South West
uki1101-11910,Hampstead Heath (Ladies Pond),Hampstead_Heath_Ladies_Pond,11910,1998,,City and County of the City of London,Greater London Authority,England,527620,186920,51.56673133,-0.160132016,01/05/2022,30/09/2022,False,Thames Water Utilities Limited,,,London
uki1101-11920,Hampstead Heath (Mens Pond),Hampstead_Heath_Mens_Pond,11920,1998,,City and County of the City of London,Greater London Authority,England,527870,186550,51.56334967,-0.156661552,01/05/2022,30/09/2022,False,Thames Water Utilities Limited,,,London
uki1101-11930,Hampstead Heath (Mixed Pond),Hampstead_Heath_Mixed_Pond,11930,1998,,City and County of the City of London,Greater London Authority,England,527210,186240,51.56071288,-0.166289997,01/05/2022,30/09/2022,False,Thames Water Utilities Limited,,,London
ukk3104-32900,Harlyn Bay,Harlyn_Bay,32900,1988,,Cornwall,,England,187720,75460,50.54029491,-4.99727978,01/05/2022,30/09/2022,True,South West Water Limited,,,South West
ukk4307-33800,Hartland Quay,Hartland_Quay,33800,1988,,Torridge,Devon,England,222300,124850,50.99554466,-4.533675439,01/05/2022,30/09/2022,False,South West Water Limited,,,South West
ukj2202-14100,Hastings Pelham Beach,Hastings_Pelham_Beach,14100,1988,,Hastings,East Sussex,England,582102,109189,50.85354813,0.585766467,01/05/2022,30/09/2022,True,Southern Water Services Limited,,,South East
ukd1103-44800,Haverigg,Haverigg,44800,1988,,Copeland,Cumbria,England,316000,477800,54.18907005,-3.288823755,01/05/2022,30/09/2022,True,United Utilities Water Limited,"Step Change in water quality from 30/04/2015, due to improvements made to Water plc assets.",30/04/2015,North West
ukk3105-31300,Hayle Towans,Hayle_Towans,31300,1988,,Cornwall,,England,156270,39450,50.20476829,-5.41701498,01/05/2022,30/09/2022,False,South West Water Limited,,,South West
ukh1304-09800,Heacham,Heacham,9800,1988,,King's Lynn and West Norfolk,Norfolk,England,566300,337500,52.90920424,0.471498093,01/05/2022,30/09/2022,True,Anglian Water Services Limited,,,East of England
ukh1303-10325,Hemsby,Hemsby,10325,1991,,Great Yarmouth,Norfolk,England,650793,317301,52.69526817,1.71007377,01/05/2022,30/09/2022,False,Anglian Water Services Limited,,,East of England
ukk1100-36050,Henleaze Lake,Henleaze_Lake,36050,2014,,City of Bristol,,England,358047,177472,51.49462419,-2.605704691,01/05/2022,30/09/2022,False,Wessex Water Services Limited,,,South West
ukj4202-12200,Herne Bay,Herne_Bay,12200,1988,,Canterbury,,England,618600,168600,51.37436373,1.13950355,01/05/2022,30/09/2022,True,Southern Water Services Limited,,,South East
ukj4202-12150,Herne Bay Central,Herne_Bay_Central,12150,1999,,Canterbury,,England,617150,168280,51.37204661,1.11850745,01/05/2022,30/09/2022,True,Southern Water Services Limited,,,South East
ukk2201-17300,Highcliffe,Highcliffe,17300,1988,,"Bournemouth, Christchurch and Poole",,England,421374,93085,50.7369969,-1.698488827,01/05/2022,30/09/2022,False,Southern Water Services Limited,,,South West
ukj3304-16850,Hillhead,Hillhead,16850,1990,,Fareham,Hampshire,England,454670,101830,50.81345688,-1.225391921,01/05/2022,30/09/2022,True,Southern Water Services Limited,,,South East
ukk2205-20970,Hive,Hive,20970,2000,,Dorset,,England,349016,88762,50.69626499,-2.72323665,01/05/2022,30/09/2022,False,Wessex Water Services Limited,,,South West
ukh3311-11350,Holland,Holland,11350,1988,,Tendring,,England,622450,217650,51.81320121,1.225798547,01/05/2022,30/09/2022,True,Anglian Water Services Limited,,,East of England
ukk4200-23900,Hollicombe,Hollicombe,23900,1988,,Torbay,,England,289800,62150,50.44881754,-3.553519384,01/05/2022,30/09/2022,True,South West Water Limited,,,South West
ukk3102-32000,Holywell Bay,Holywell_Bay,32000,1988,,Cornwall,,England,176520,59400,50.39191135,-5.145505786,01/05/2022,30/09/2022,False,South West Water Limited,,,South West
ukk4305-25400,Hope Cove,Hope_Cove,25400,1988,,South Hams,Devon,England,267532,39726,50.24265037,-3.859110261,01/05/2022,30/09/2022,True,South West Water Limited,,,South West
uke1200-08700,Hornsea,Hornsea,8700,1988,,East Riding of Yorkshire,,England,520923,448005,53.91409844,-0.160491171,01/05/2022,30/09/2022,False,Yorkshire Water Services Limited,,,Yorkshire and The Humber
ukj2100-15000,Hove,Hove,15000,1988,,The City of Brighton and Hove,,England,529225,104232,50.82322818,-0.166723154,01/05/2022,30/09/2022,False,Southern Water Services Limited,,,South East
uke1301-09020,Humberston Fitties,Humberston_Fitties,9020,2011,,North East Lincolnshire,,England,533204,406158,53.53519013,0.008380462,01/05/2022,30/09/2022,True,Anglian Water Services Limited,,,Yorkshire and The Humber
ukh1304-09900,Hunstanton (Old Hunstanton),Hunstanton_Old_Hunstanton,9900,1988,,King's Lynn and West Norfolk,Norfolk,England,567800,342500,52.95364208,0.496364281,01/05/2022,30/09/2022,True,Anglian Water Services Limited,,,East of England
ukh1304-09850,Hunstanton Main Beach,Hunstanton_Main_Beach,9850,1996,,King's Lynn and West Norfolk,Norfolk,England,567020,340600,52.93682174,0.483787391,01/05/2022,30/09/2022,True,Anglian Water Services Limited,,,East of England
ukj4208-13500,Hythe,Hythe,13500,1988,,Shepway,Kent,England,616000,134000,51.06469169,1.081376963,01/05/2022,30/09/2022,False,Southern Water Services Limited,,,South East
ukk4304-34600,Ilfracombe Hele,Ilfracombe_Hele,34600,1988,,North Devon,Devon,England,253602,147830,51.21086567,-4.097291581,01/05/2022,30/09/2022,True,South West Water Limited,,,South West
ukk4304-34450,Ilfracombe Tunnels Beach,Ilfracombe_Tunnels_Beach,34450,1990,,North Devon,Devon,England,251508,147845,51.21045943,-4.127254415,01/05/2022,30/09/2022,False,South West Water Limited,,,South West
ukk4304-34500,Ilfracombe Wildersmouth,Ilfracombe_Wildersmouth,34500,1988,2020.0,North Devon,Devon,England,251909,147841,51.21052769,-4.121516139,01/05/2019,30/09/2019,True,South West Water Limited,,,South West
ukf3102-09600,Ingoldmells South,Ingoldmells_South,9600,1988,,East Lindsey,Lincolnshire,England,557350,368900,53.19393,0.35387,01/05/2022,30/09/2022,True,Anglian Water Services Limited,,,East Midlands
ukk4304-34000,Instow,Instow,34000,1988,2018.0,Instow,Devon,England,247170,130440,51.05292191,-4.181923983,01/05/2017,30/09/2017,True,South West Water Limited,,,South West
ukh3311-11600,Jaywick,Jaywick,11600,1988,,Tendring,,England,614850,212800,51.77262974,1.112718024,01/05/2022,30/09/2022,False,Anglian Water Services Limited,,,East of England
ukj4210-12700,"Joss Bay, Broadstairs","Joss_Bay,_Broadstairs",12700,1988,,Thanet,Kent,England,639908,170099,51.37922307,1.446105633,01/05/2022,30/09/2022,False,Southern Water Services Limited,,,South East
ukk3103-29200,Kennack Sands,Kennack_Sands,29200,1988,,Cornwall,,England,173410,16460,50.00513456,-5.163575925,01/05/2022,30/09/2022,True,South West Water Limited,,,South West
ukk2204-19900,Kimmeridge Bay,Kimmeridge_Bay,19900,1988,,Dorset,,England,390798,79094,50.61149388,-2.131423876,01/05/2022,30/09/2022,False,Wessex Water Services Limited,,,South West
ukk3101-26520,Kingsand,Kingsand,26520,1998,,Cornwall,,England,243570,50500,50.33361289,-4.199375823,01/05/2022,30/09/2022,False,South West Water Limited,,,South West
ukk4301-22000,Ladram Bay,Ladram_Bay,22000,1988,,East Devon,,England,309653,85106,50.65860514,-3.279551258,01/05/2022,30/09/2022,True,South West Water Limited,,,South West
ukj2401-15300,"Lancing, Beach Green","Lancing,_Beach_Green",15300,1988,,Adur,West Sussex,England,518300,103600,50.81988034,-0.321958812,01/05/2022,30/09/2022,True,Southern Water Services Limited,,,South East
ukj3305-16800,Lee-on-Solent,Lee-on-Solent,16800,1988,,Gosport,,England,456172,100458,50.8009769,-1.204284188,01/05/2022,30/09/2022,False,Southern Water Services Limited,,,South East
ukh3100-11904,Leigh Bell Wharf,Leigh_Bell_Wharf,11904,2003,,Southend-on-Sea,,England,584050,185570,51.53902984,0.652527405,01/05/2022,30/09/2022,True,Anglian Water Services Limited,,,East of England
ukj3308-17000,Lepe,Lepe,17000,1988,,Hampshire,,England,445600,98500,50.78429687,-1.354534448,01/05/2022,30/09/2022,False,Southern Water Services Limited,,,South East
ukj4209-12000,Leysdown,Leysdown,12000,1988,,Swale,,England,603336,170841,51.40015511,0.921786155,01/05/2022,30/09/2022,False,Southern Water Services Limited,,,South East
ukj2402-15500,Littlehampton,Littlehampton,15500,1988,,Arun,,England,503060,101320,50.8022939,-0.538868986,01/05/2022,30/09/2022,True,Southern Water Services Limited,,,South East
ukj4208-13800,Littlestone,Littlestone,13800,1988,,Shepway,Kent,England,608400,123900,50.97679965,0.967268605,01/05/2022,30/09/2022,False,Southern Water Services Limited,,,South East
ukk3105-30300,Long Rock,Long_Rock,30300,1988,,Cornwall,,England,148650,31070,50.12635745,-5.518058309,01/05/2022,30/09/2022,True,South West Water Limited,,,South West
ukc2101-04000,Low Newton,Low_Newton,4000,1988,,Northumberland,,England,424380,624450,55.5132164,-1.615516765,01/05/2022,30/09/2022,False,Northumbrian Water Limited,,,North East
ukh1407-10750,Lowestoft (North of Claremont Pier),Lowestoft_North_of_Claremont_Pier,10750,1998,,East Suffolk,Suffolk,England,654718,292204,52.46830669,1.748744599,01/05/2022,30/09/2022,True,Anglian Water Services Limited,,,East of England
ukh1407-10800,Lowestoft (South of Claremont Pier),Lowestoft_South_of_Claremont_Pier,10800,1988,,East Suffolk,Suffolk,England,654500,291700,52.46388699,1.745158209,01/05/2022,30/09/2022,False,Anglian Water Services Limited,,,East of England
ukk2204-20000,Lulworth Cove,Lulworth_Cove,20000,1988,,Dorset,,England,382457,79943,50.61893578,-2.249347333,01/05/2022,30/09/2022,True,Wessex Water Services Limited,,,South West
ukk3106-32330,Lusty Glaze,Lusty_Glaze,32330,1996,,Cornwall,,England,182380,62480,50.42176963,-5.064973855,01/05/2022,30/09/2022,False,South West Water Limited,,,South West
ukk2205-21400,Lyme Regis Church Cliff Beach,Lyme_Regis_Church_Cliff_Beach,21400,1988,2016.0,Dorset,,England,334430,92126,50.7250478,-2.930326956,01/05/2015,30/09/2015,True,South West Water Limited,,,South West
ukk2205-21500,Lyme Regis Front Beach,Lyme_Regis_Front_Beach,21500,1988,,Dorset,,England,333900,91850,50.72250599,-2.937785012,01/05/2022,30/09/2022,True,South West Water Limited,,,South West
ukk4304-34800,Lynmouth,Lynmouth,34800,1988,,North Devon,Devon,England,272713,149638,51.23169038,-3.824480587,01/05/2022,30/09/2022,True,South West Water Limited,,,South West
ukf3102-09100,Mablethorpe Town,Mablethorpe_Town,9100,1988,,East Lindsey,Lincolnshire,England,550842,385416,53.34413376,0.264365937,01/05/2022,30/09/2022,False,Anglian Water Services Limited,,,East Midlands
ukk3102-28800,Maenporth,Maenporth,28800,1988,,Cornwall,,England,178980,29570,50.12496244,-5.093534814,01/05/2022,30/09/2022,True,South West Water Limited,,,South West
ukk4200-23100,Maidencombe,Maidencombe,23100,1988,,Torbay,,England,292780,68500,50.50645623,-3.513384658,01/05/2022,30/09/2022,False,South West Water Limited,,,South West
ukk3105-30200,Marazion,Marazion,30200,1988,,Cornwall,,England,151317,30962,50.12650503,-5.480736172,01/05/2022,30/09/2022,True,South West Water Limited,,,South West
ukj4210-12600,Margate Fulsam Rock,Margate_Fulsam_Rock,12600,1988,,Thanet,Kent,England,635692,171402,51.39268326,1.386499916,01/05/2022,30/09/2022,True,Southern Water Services Limited,,,South East
ukj4210-12500,Margate The Bay,Margate_The_Bay,12500,1988,,Thanet,Kent,England,634970,170814,51.38770455,1.37575226,01/05/2022,30/09/2022,False,Southern Water Services Limited,,,South East
ukc2204-05400,Marsden,Marsden,5400,1988,,South Tyneside,,England,440000,565000,54.9780179,-1.37659818,01/05/2022,30/09/2022,True,Northumbrian Water Limited,,,North East
ukc1202-06650,Marske Sands,Marske_Sands,6650,1992,,Redcar and Cleveland,,England,463600,523200,54.59999193,-1.017076688,01/05/2022,30/09/2022,True,Northumbrian Water Limited,,,North East
ukk3106-32500,Mawgan Porth,Mawgan_Porth,32500,1988,,Cornwall,,England,184830,67470,50.4674853,-5.033401124,01/05/2022,30/09/2022,True,South West Water Limited,,,South West
ukk4200-23600,Meadfoot,Meadfoot,23600,1988,,Torbay,,England,292964,63007,50.45710033,-3.50920608,01/05/2022,30/09/2022,False,South West Water Limited,,,South West
ukd5400-40800,Meols,Meols,40800,1988,,Wirral,,England,323000,390600,53.40658428,-3.159742787,01/05/2022,30/09/2022,True,United Utilities Water Limited,,,North West
ukk3105-31250,Mexico Towans,Mexico_Towans,31250,2018,,Cornwall,,England,155770,39060,50.20105427,-5.423747491,01/05/2022,30/09/2022,False,South West Water Limited,,,South West
ukj2402-15600,Middleton-on-sea,Middleton-on-sea,15600,1988,,Arun,,England,498500,99900,50.7902,-0.6039,01/05/2022,30/09/2022,False,Southern Water Services Limited,,,South East
ukj3308-17100,Milford-on-sea,Milford-on-sea,17100,1988,,New Forest,Hampshire,England,427582,91779,50.725,-1.6106,01/05/2022,30/09/2022,False,Southern Water Services Limited,,,South East
ukk4305-25100,Mill Bay,Mill_Bay,25100,1988,,South Hams,Devon,England,274070,38160,50.23000397,-3.766947202,01/05/2022,30/09/2022,False,South West Water Limited,,,South West
ukk3101-26900,Millendreath,Millendreath,26900,1988,,Cornwall,,England,226810,54080,50.36108838,-4.436303617,01/05/2022,30/09/2022,True,South West Water Limited,,,South West
ukk2305-35000,Minehead Terminus,Minehead_Terminus,35000,1988,,Somerset West and Taunton,Somerset,England,297614,146397,51.20758144,-3.467056137,01/05/2022,30/09/2022,True,Wessex Water Services Limited,,,South West
ukj4210-12300,"Minnis Bay, Birchington","Minnis_Bay,_Birchington",12300,1988,,Thanet,Kent,England,628600,169700,51.38030383,1.283645527,01/05/2022,30/09/2022,False,Southern Water Services Limited,,,South East
ukj4209-11975,Minster Leas,Minster_Leas,11975,2010,,Swale,,England,595094,174170,51.43294443,0.805284293,01/05/2022,30/09/2022,False,Southern Water Services Limited,,,South East
ukf3102-09300,Moggs Eye,Moggs_Eye,9300,1988,,Lincolnshire,,England,554698,377620,53.27300288,0.318438394,01/05/2022,30/09/2022,False,Anglian Water Services Limited,,,East Midlands
ukd4305-43550,Morecambe North,Morecambe_North,43550,1988,,Lancaster,,England,343781,464956,54.07745174,-2.860746045,01/05/2022,30/09/2022,True,United Utilities Water Limited,,,North West
ukd4305-43260,Morecambe South,Morecambe_South,43260,1988,,Lancaster,,England,342746,464454,54.07282628,-2.876467624,01/05/2022,30/09/2022,True,United Utilities Water Limited,,,North West
ukd5400-40900,Moreton,Moreton,40900,1988,,Wirral,,England,325700,391800,53.41775605,-3.11942028,01/05/2022,30/09/2022,True,United Utilities Water Limited,,,North West
ukk4305-26100,Mothecombe,Mothecombe,26100,1988,,South Hams,Devon,England,261050,47340,50.30959644,-3.952759061,01/05/2022,30/09/2022,True,South West Water Limited,,,South West
ukk3104-32800,Mother Ivey`s Bay,Mother_Iveys_Bay,32800,1988,,Cornwall,,England,186450,75940,50.54414305,-5.015452105,01/05/2022,30/09/2022,False,South West Water Limited,,,South West
ukh1305-10300,Mundesley,Mundesley,10300,1988,,North Norfolk,Norfolk,England,631700,336600,52.87694295,1.441741183,01/05/2022,30/09/2022,False,Anglian Water Services Limited,,,East of England
ukk4306-23000,Ness Cove,Ness_Cove,23000,1988,,Teignbridge,Devon,England,293925,71776,50.53611593,-3.498176245,01/05/2022,30/09/2022,False,South West Water Limited,,,South West
ukc2106-04400,Newbiggin North,Newbiggin_North,4400,1988,,Northumberland,,England,431280,587900,55.18441212,-1.510325608,01/05/2022,30/09/2022,False,Northumbrian Water Limited,,,North East
ukc2106-04500,Newbiggin South,Newbiggin_South,4500,1988,,Northumberland,,England,431000,587280,55.17885864,-1.514790312,01/05/2022,30/09/2022,False,Northumbrian Water Limited,,,North East
ukj2205-14300,Norman`s Bay,Normans_Bay,14300,1988,,Rother,East Sussex,England,568200,105300,50.82282416,0.38665585,01/05/2022,30/09/2022,False,Southern Water Services Limited,,,South East
ukk3104-33650,Northcott Mouth,Northcott_Mouth,33650,2018,,Cornwall,,England,220100,108500,50.84797546,-4.556912181,01/05/2022,30/09/2022,False,South West Water Limited,,,South West
ukk4200-23300,Oddicombe,Oddicombe,23300,1988,,Torbay,,England,292619,65835,50.48246868,-3.514887512,01/05/2022,30/09/2022,False,South West Water Limited,,,South West
ukj2402-15800,Pagham,Pagham,15800,1988,,Arun,,England,489200,97200,50.76755023,-0.736497733,01/05/2022,30/09/2022,False,Southern Water Services Limited,,,South East
ukk4200-24100,Paignton Paignton Sands,Paignton_Paignton_Sands,24100,1988,,Torbay,,England,289390,60630,50.43507585,-3.558842813,01/05/2022,30/09/2022,True,South West Water Limited,,,South West
ukk4200-24000,Paignton Preston Sands,Paignton_Preston_Sands,24000,1988,,Torbay,,England,289600,61670,50.4444648,-3.556193665,01/05/2022,30/09/2022,True,South West Water Limited,,,South West
ukk3106-27300,Par Sands,Par_Sands,27300,1988,,Cornwall,,England,208510,53140,50.34697222,-4.692824227,01/05/2022,30/09/2022,True,South West Water Limited,,,South West
ukk3102-28500,Pendower,Pendower,28500,1988,,Cornwall,,England,189750,38120,50.20567006,-4.94779757,01/05/2022,30/09/2022,True,South West Water Limited,,,South West
ukk3106-27900,Pentewan,Pentewan,27900,1988,,Cornwall,,England,201880,46770,50.28755839,-4.782551303,01/05/2022,30/09/2022,False,South West Water Limited,,,South West
ukk3105-30400,Penzance,Penzance,30400,1988,,Cornwall,,England,147340,29830,50.11467031,-5.535528967,01/05/2022,30/09/2022,True,South West Water Limited,,,South West
ukk3102-31800,Perranporth,Perranporth,31800,1988,,Perranzabuloe,,England,175640,54700,50.3493722,-5.155063576,01/05/2022,30/09/2022,True,South West Water Limited,,,South West
ukk3102-31900,Perranporth Penhale Sands,Perranporth_Penhale_Sands,31900,1988,,Cornwall,,England,175950,55800,50.35936787,-5.151367607,01/05/2022,30/09/2022,False,South West Water Limited,,,South West
ukk3105-30100,Perranuthnoe,Perranuthnoe,30100,1988,,Cornwall,,England,153980,29250,50.11225254,-5.442455808,01/05/2022,30/09/2022,False,South West Water Limited,,,South West
ukj2201-14400,Pevensey Bay,Pevensey_Bay,14400,1988,,Wealden,East Sussex,England,565687,103791,50.80998983,0.350328721,01/05/2022,30/09/2022,True,Southern Water Services Limited,,,South East
ukk4100-26400,Plymouth Hoe East,Plymouth_Hoe_East,26400,1988,,City of Plymouth,,England,247830,53750,50.3639371,-4.140876729,01/05/2022,30/09/2022,True,South West Water Limited,,,South West
ukk4100-26500,Plymouth Hoe West,Plymouth_Hoe_West,26500,1988,,City of Plymouth,,England,247500,53770,50.36403135,-4.145521192,01/05/2022,30/09/2022,True,South West Water Limited,,,South West
ukk3103-29500,Poldhu Cove,Poldhu_Cove,29500,1988,,Cornwall,,England,166550,19920,50.0335545,-5.261255341,01/05/2022,30/09/2022,True,South West Water Limited,,,South West
ukk3106-27200,Polkerris,Polkerris,27200,1988,,Cornwall,,England,209280,52100,50.3378795,-4.681487703,01/05/2022,30/09/2022,True,South West Water Limited,,,South West
ukk3106-28000,Polstreath,Polstreath,28000,1988,,Cornwall,,England,201710,45310,50.27438649,-4.784168971,01/05/2022,30/09/2022,False,South West Water Limited,,,South West
ukk3103-29400,Polurrian Cove,Polurrian_Cove,29400,1988,,Cornwall,,England,166860,18770,50.02334991,-5.256234857,01/05/2022,30/09/2022,False,South West Water Limited,,,South West
ukk3104-33300,Polzeath,Polzeath,33300,1988,,Cornwall,,England,193600,79070,50.57482279,-4.916413197,01/05/2022,30/09/2022,True,South West Water Limited,,,South West
ukk2102-19170,Poole Branksome Chine,Poole_Branksome_Chine,19170,2000,,"Bournemouth, Christchurch and Poole",,England,406455,89589,50.70591295,-1.909962704,01/05/2022,30/09/2022,False,Wessex Water Services Limited,,,South West
ukk2102-19190,Poole Canford Cliffs Chine,Poole_Canford_Cliffs_Chine,19190,2004,,"Bournemouth, Christchurch and Poole",,England,405710,88983,50.70047102,-1.920522136,01/05/2022,30/09/2022,False,Wessex Water Services Limited,,,South West
ukk2102-19400,Poole Harbour Lake,Poole_Harbour_Lake,19400,1988,,"Bournemouth, Christchurch and Poole",,England,398313,90468,50.71384921,-2.025269431,01/05/2022,30/09/2022,True,Wessex Water Services Limited,,,South West
ukk2102-19450,Poole Harbour Rockley Sands,Poole_Harbour_Rockley_Sands,19450,1988,,"Bournemouth, Christchurch and Poole",,England,397263,91078,50.71933053,-2.040146169,01/05/2022,30/09/2022,True,Wessex Water Services Limited,,,South West
ukk2102-19350,Poole Sandbanks Peninsular,Poole_Sandbanks_Peninsular,19350,1997,,"Bournemouth, Christchurch and Poole",,England,404520,87673,50.6887008,-1.937387882,01/05/2022,30/09/2022,False,Wessex Water Services Limited,,,South West
ukk2102-19200,Poole Shore Road Beach,Poole_Shore_Road_Beach,19200,1988,,"Bournemouth, Christchurch and Poole",,England,405085,88337,50.69466741,-1.929380684,01/05/2022,30/09/2022,False,Wessex Water Services Limited,,,South West
ukk2305-34900,Porlock Weir,Porlock_Weir,34900,1988,,Somerset West and Taunton,Somerset,England,286521,147903,51.21901929,-3.626264958,01/05/2022,30/09/2022,False,Wessex Water Services Limited,,,South West
ukk3106-32340,Porth,Porth,32340,1996,,Cornwall,,England,182960,62780,50.42467842,-5.056994712,01/05/2022,30/09/2022,True,South West Water Limited,,,South West
ukk3103-28900,Porthallow,Porthallow,28900,1988,,Cornwall,,England,179740,23260,50.06857734,-5.079280414,01/05/2022,30/09/2022,True,South West Water Limited,,,South West
ukk3104-32550,Porthcothan,Porthcothan,32550,1992,,Cornwall,,England,185720,72060,50.50903186,-5.023510468,01/05/2022,30/09/2022,True,South West Water Limited,,,South West
ukk3102-28550,Porthcurnick,Porthcurnick,28550,1998,,Cornwall,,England,187900,36020,50.18614883,-4.97251413,01/05/2022,30/09/2022,True,South West Water Limited,,,South West
ukk3105-30600,Porthcurno,Porthcurno,30600,1988,,Cornwall,,England,138740,22250,50.04291479,-5.650392859,01/05/2022,30/09/2022,False,South West Water Limited,,,South West
ukk3105-30900,Porthgwidden,Porthgwidden,30900,1988,,Cornwall,,England,152080,41030,50.2172112,-5.476652139,01/05/2022,30/09/2022,False,South West Water Limited,,,South West
ukk3105-31200,Porthkidney Sands,Porthkidney_Sands,31200,1988,,Cornwall,,England,154620,38340,50.19412162,-5.439377238,01/05/2022,30/09/2022,False,South West Water Limited,,,South West
ukk3103-29800,Porthleven Sands,Porthleven_Sands,29800,1988,,Cornwall,,England,162950,25370,50.0810655,-5.314811298,01/05/2022,30/09/2022,False,South West Water Limited,,,South West
ukk3106-28400,Porthluney,Porthluney,28400,1988,,Cornwall,,England,197340,41290,50.23679312,-4.843266514,01/05/2022,30/09/2022,True,South West Water Limited,,,South West
ukk3105-30800,Porthmeor,Porthmeor,30800,1988,,Cornwall,,England,151590,40840,50.21530002,-5.483383054,01/05/2022,30/09/2022,False,South West Water Limited,,,South West
ukk3105-31000,Porthminster,Porthminster,31000,1988,,Cornwall,,England,152060,40080,50.20867477,-5.476311469,01/05/2022,30/09/2022,False,South West Water Limited,,,South West
ukk3103-29000,Porthoustock,Porthoustock,29000,1988,,Cornwall,,England,180760,21770,50.05557296,-5.064195115,01/05/2022,30/09/2022,False,South West Water Limited,,,South West
ukk3106-27800,Porthpean,Porthpean,27800,1988,,Cornwall,,England,203230,50730,50.32358232,-4.765687659,01/05/2022,30/09/2022,True,South West Water Limited,,,South West
ukk3102-31600,Porthtowan,Porthtowan,31600,1988,,Cornwall,,England,169127,48092,50.28752162,-5.242416228,01/05/2022,30/09/2022,False,South West Water Limited,,,South West
ukk2206-20800,Portland Harbour Castle Cove,Portland_Harbour_Castle_Cove,20800,1988,,Dorset,,England,367560,77500,50.59632546,-2.459701174,01/05/2022,30/09/2022,True,Wessex Water Services Limited,,,South West
ukk2206-20900,Portland Harbour Sandsfoot Castle,Portland_Harbour_Sandsfoot_Castle,20900,1988,,Dorset,,England,367285,77271,50.59425076,-2.463566151,01/05/2022,30/09/2022,True,Wessex Water Services Limited,,,South West
ukk3106-28100,Portmellon,Portmellon,28100,1988,,Cornwall,,England,201560,43920,50.26185008,-4.785542345,01/05/2022,30/09/2022,True,South West Water Limited,,,South West
ukk3103-31500,Portreath,Portreath,31500,1988,,Cornwall,,England,165350,45330,50.26123294,-5.293633127,01/05/2022,30/09/2022,False,South West Water Limited,,,South West
ukk3101-26600,Portwrinkle,Portwrinkle,26600,1988,,Cornwall,,England,235960,53830,50.36146499,-4.30766544,01/05/2022,30/09/2022,False,South West Water Limited,,,South West
ukk3103-29900,Praa Sands East,Praa_Sands_East,29900,1988,,Cornwall,,England,158470,27600,50.09928267,-5.378727095,01/05/2022,30/09/2022,False,South West Water Limited,,,South West
ukk3103-30000,Praa Sands West,Praa_Sands_West,30000,1988,,Cornwall,,England,157620,28080,50.10324578,-5.390895401,01/05/2022,30/09/2022,False,South West Water Limited,,,South West
ukk4304-34300,Putsborough,Putsborough,34300,1988,,North Devon,Devon,England,244750,140850,51.14580971,-4.220904104,01/05/2022,30/09/2022,False,South West Water Limited,,,South West
ukj4210-12850,Ramsgate Sands,Ramsgate_Sands,12850,1997,,Thanet,Kent,England,638675,164806,51.33223453,1.424873284,01/05/2022,30/09/2022,False,Southern Water Services Limited,,,South East
ukj4210-12900,Ramsgate Western Undercliffe,Ramsgate_Western_Undercliffe,12900,1988,,Thanet,Kent,England,637406,164120,51.32660788,1.406234234,01/05/2022,30/09/2022,False,Southern Water Services Limited,,,South East
ukk3106-27100,Readymoney Cove,Readymoney_Cove,27100,1988,,Cornwall,,England,211830,51080,50.32953667,-4.645184998,01/05/2022,30/09/2022,True,South West Water Limited,,,South West
ukc1202-06300,Redcar Coatham,Redcar_Coatham,6300,1988,,Redcar and Cleveland,,England,459400,525600,54.62206748,-1.081593055,01/05/2022,30/09/2022,False,Northumbrian Water Limited,,,North East
ukc1202-06500,Redcar Granville,Redcar_Granville,6500,1988,,Redcar and Cleveland,,England,461300,525100,54.61734809,-1.052276147,01/05/2022,30/09/2022,True,Northumbrian Water Limited,,,North East
ukc1202-06400,Redcar Lifeboat Station,Redcar_Lifeboat_Station,6400,1988,,Redcar and Cleveland,,England,460748,525394,54.6200564,-1.060762,01/05/2022,30/09/2022,True,Northumbrian Water Limited,,,North East
ukc1202-06600,Redcar Stray,Redcar_Stray,6600,1988,,Redcar and Cleveland,,England,462500,523800,54.6055202,-1.033973134,01/05/2022,30/09/2022,True,Northumbrian Water Limited,,,North East
uke2206-07700,Reighton,Reighton,7700,1988,,Scarborough,North Yorkshire,England,514355,476227,54.16911791,-0.249814209,01/05/2022,30/09/2022,False,Yorkshire Water Services Limited,,,Yorkshire and The Humber
ukk2206-20300,Ringstead Bay,Ringstead_Bay,20300,1988,,Dorset,,England,375246,81320,50.63105565,-2.351367651,01/05/2022,30/09/2022,False,Wessex Water Services Limited,,,South West
uke2206-07200,Robin Hoods Bay,Robin_Hoods_Bay,7200,1988,,Scarborough,North Yorkshire,England,495339,504850,54.43015375,-0.531866861,01/05/2022,30/09/2022,True,Yorkshire Water Services Limited,,,Yorkshire and The Humber
ukk3104-33100,Rock,Rock,33100,1988,2016.0,Cornwall,,England,192770,75790,50.54507058,-4.926292813,01/05/2015,30/09/2015,True,South West Water Limited,,,South West
ukc2300-05600,Roker - Sunderland,Roker_-_Sunderland,5600,1988,,Sunderland,,England,440800,559190,54.92574648,-1.364923293,01/05/2022,30/09/2022,False,Northumbrian Water Limited,,,North East
uke2206-06900,Runswick Bay,Runswick_Bay,6900,1988,,Scarborough,North Yorkshire,England,481072,515889,54.53180833,-0.74870691,01/05/2022,30/09/2022,False,Yorkshire Water Services Limited,,,Yorkshire and The Humber
ukj3400-17900,Ryde,Ryde,17900,1988,,Isle of Wight,,England,460100,92700,50.73082671,-1.149815998,01/05/2022,30/09/2022,True,Southern Water Services Limited,,,South East
ukk4305-25200,Salcombe North Sands,Salcombe_North_Sands,25200,1988,,South Hams,Devon,England,273100,38200,50.23015595,-3.780553445,01/05/2022,30/09/2022,True,South West Water Limited,,,South West
ukk4305-25300,Salcombe South Sands,Salcombe_South_Sands,25300,1988,,South Hams,Devon,England,272850,37750,50.22605711,-3.783905778,01/05/2022,30/09/2022,True,South West Water Limited,,,South West
ukc1202-06700,Saltburn,Saltburn,6700,1988,,Redcar and Cleveland,,England,466677,521775,54.58679196,-0.969779716,01/05/2022,30/09/2022,True,Northumbrian Water Limited,,,North East
ukj2100-14800,Saltdean,Saltdean,14800,1988,,The City of Brighton and Hove,,England,538100,101800,50.79932437,-0.041711811,01/05/2022,30/09/2022,False,Southern Water Services Limited,,,South East
ukj4208-13400,Sandgate,Sandgate,13400,1988,,Shepway,Kent,England,618800,134800,51.07081526,1.121759226,01/05/2022,30/09/2022,False,Southern Water Services Limited,,,South East
ukj3400-18400,Sandown,Sandown,18400,1988,,Isle of Wight,,England,460139,84264,50.65496852,-1.150633919,01/05/2022,30/09/2022,True,Southern Water Services Limited,,,South East
uke2206-07000,Sandsend,Sandsend,7000,1988,,Scarborough,North Yorkshire,England,486400,512600,54.50137912,-0.667358439,01/05/2022,30/09/2022,True,Yorkshire Water Services Limited,,,Yorkshire and The Humber
ukj4204-13000,Sandwich Bay,Sandwich_Bay,13000,1988,,Dover,Kent,England,635778,159142,51.28260152,1.379623587,01/05/2022,30/09/2022,False,Southern Water Services Limited,,,South East
ukk4301-22200,Sandy Bay,Sandy_Bay,22200,1988,,East Devon,,England,303300,79800,50.60988142,-3.368017632,01/05/2022,30/09/2022,False,South West Water Limited,,,South West
ukk3104-33700,Sandymouth,Sandymouth,33700,1988,,Cornwall,,England,220160,109940,50.86093766,-4.556779938,01/05/2022,30/09/2022,False,South West Water Limited,,,South West
ukk4304-34100,Saunton Sands,Saunton_Sands,34100,1988,,North Devon,Devon,England,244550,137600,51.11655331,-4.222358146,01/05/2022,30/09/2022,False,South West Water Limited,,,South West
uke2206-07300,Scarborough North Bay,Scarborough_North_Bay,7300,1988,,Scarborough,North Yorkshire,England,503769,489807,54.29336479,-0.407208403,01/05/2022,30/09/2022,False,Yorkshire Water Services Limited,,,Yorkshire and The Humber
uke2206-07400,Scarborough South Bay,Scarborough_South_Bay,7400,1988,,Scarborough,North Yorkshire,England,504577,488564,54.28203356,-0.395233782,01/05/2022,30/09/2022,False,Yorkshire Water Services Limited,"Step Change in water quality from 31/03/2014, due to improvements made to Water plc assets.",31/03/2014,Yorkshire and The Humber
ukh1305-10310,Sea Palling,Sea_Palling,10310,2002,,North Norfolk,Norfolk,England,643090,327540,52.79063975,1.603903982,01/05/2022,30/09/2022,False,Anglian Water Services Limited,,,East of England
ukc2300-05500,Seaburn - Sunderland,Seaburn_-_Sunderland,5500,1988,,Sunderland,,England,440700,560500,54.93752589,-1.366298597,01/05/2022,30/09/2022,False,Northumbrian Water Limited,,,North East
ukj2203-14600,Seaford,Seaford,14600,1988,,Lewes,East Sussex,England,547820,98950,50.77131708,0.094976507,01/05/2022,30/09/2022,False,Southern Water Services Limited,,,South East
ukj3400-18000,Seagrove,Seagrove,18000,1988,,Isle of Wight,,England,463150,91123,50.71632406,-1.106875379,01/05/2022,30/09/2022,True,Southern Water Services Limited,,,South East
ukc1404-05800,Seaham Beach,Seaham_Beach,5800,1988,,County Durham,,England,442600,550500,54.84751066,-1.338119693,01/05/2022,30/09/2022,True,Northumbrian Water Limited,,,North East
ukc1404-05700,Seaham Hall Beach,Seaham_Hall_Beach,5700,1988,,County Durham,,England,442380,550825,54.85044966,-1.341498034,01/05/2022,30/09/2022,True,Northumbrian Water Limited,,,North East
ukc2102-03800,Seahouses North,Seahouses_North,3800,1988,,Northumberland,,England,421100,633000,55.5901916,-1.666805897,01/05/2022,30/09/2022,False,Northumbrian Water Limited,,,North East
ukd1103-45600,Seascale,Seascale,45600,1988,,Copeland,Cumbria,England,303400,501000,54.39528257,-3.489357986,01/05/2022,30/09/2022,False,United Utilities Water Limited,,,North West
ukk3101-26800,Seaton (Cornwall),Seaton_Cornwall,26800,1988,,Cornwall,,England,230370,54330,50.36437217,-4.386411624,01/05/2022,30/09/2022,True,South West Water Limited,,,South West
ukk4301-21600,Seaton (Devon),Seaton_Devon,21600,1988,,East Devon,,England,324500,89850,50.70337645,-3.070517581,01/05/2022,30/09/2022,True,South West Water Limited,,,South West
ukc1101-06100,Seaton Carew Centre,Seaton_Carew_Centre,6100,1988,,Hartlepool,,England,452950,529732,54.65991277,-1.180727605,01/05/2022,30/09/2022,True,Northumbrian Water Limited,,,North East
ukc1101-06000,Seaton Carew North,Seaton_Carew_North,6000,1988,,Hartlepool,,England,452601,530257,54.66466674,-1.186042767,01/05/2022,30/09/2022,True,Northumbrian Water Limited,,,North East
ukc1101-06200,Seaton Carew North Gare,Seaton_Carew_North_Gare,6200,1988,,Hartlepool,,England,454000,528600,54.64962983,-1.164661467,01/05/2022,30/09/2022,True,Northumbrian Water Limited,,,North East
ukc2103-04700,Seaton Sluice,Seaton_Sluice,4700,1988,,Northumberland,,England,433400,577100,55.08722975,-1.47830017,01/05/2022,30/09/2022,True,Northumbrian Water Limited,,,North East
ukk2205-21200,Seatown,Seatown,21200,1988,,Dorset,,England,341873,91711,50.72211014,-2.824826426,01/05/2022,30/09/2022,False,Wessex Water Services Limited,,,South West
ukj2403-15900,Selsey,Selsey,15900,1988,,Chichester,West Sussex,England,486872,93686,50.73631025,-0.77032903,01/05/2022,30/09/2022,False,Southern Water Services Limited,,,South East
ukk3105-30700,Sennen,Sennen,30700,1988,,Cornwall,,England,135560,26400,50.07875656,-5.69757685,01/05/2022,30/09/2022,False,South West Water Limited,,,South West
ukk4306-22900,Shaldon,Shaldon,22900,1988,,Teignbridge,Devon,England,293636,72196,50.53983913,-3.502372774,01/05/2022,30/09/2022,True,South West Water Limited,,,South West
ukj3400-18500,Shanklin,Shanklin,18500,1988,,Isle of Wight,,England,458580,81137,50.62700956,-1.17317872,01/05/2022,30/09/2022,True,Southern Water Services Limited,,,South East
ukk3101-26570,Sharrow,Sharrow,26570,2012,,Cornwall,,England,239330,52185,50.3476,-4.2596,01/05/2022,30/09/2022,False,South West Water Limited,,,South West
ukj4209-11950,Sheerness,Sheerness,11950,1991,,Swale,,England,591917,175199,51.44325944,0.760205649,01/05/2022,30/09/2022,False,Southern Water Services Limited,,,South East
ukk2204-19600,Shell Bay North,Shell_Bay_North,19600,1988,,Dorset,,England,403714,86533,50.67845463,-1.948808899,01/05/2022,30/09/2022,False,Wessex Water Services Limited,,,South West
ukh1305-10100,Sheringham,Sheringham,10100,1988,,North Norfolk,Norfolk,England,615665,343545,52.94593705,1.208480533,01/05/2022,30/09/2022,False,Anglian Water Services Limited,,,East of England
ukh3100-11770,Shoebury East,Shoebury_East,11770,1989,,Southend-on-Sea,,England,594570,185150,51.53173297,0.8037999,01/05/2022,30/09/2022,True,Anglian Water Services Limited,,,East of England
ukh3100-11780,Shoeburyness,Shoeburyness,11780,2001,,Southend-on-Sea,,England,592550,184100,51.52299498,0.774140049,01/05/2022,30/09/2022,False,Anglian Water Services Limited,,,East of England
ukj2401-15200,Shoreham Beach,Shoreham_Beach,15200,2014,,Adur,West Sussex,England,521848,104429,50.82658667,-0.27132841,01/05/2022,30/09/2022,False,Southern Water Services Limited,,,South East
ukk3106-27400,Shorthorn Beach,Shorthorn_Beach,27400,1988,,Cornwall,,England,206330,52180,50.33763518,-4.722934844,01/05/2022,30/09/2022,True,South West Water Limited,,,South West
ukk4301-21900,Sidmouth Jacobs Ladder,Sidmouth_Jacobs_Ladder,21900,1988,,East Devon,,England,311920,86921,50.67527087,-3.247919891,01/05/2022,30/09/2022,False,South West Water Limited,,,South West
ukk4301-21800,Sidmouth Town,Sidmouth_Town,21800,1988,,East Devon,,England,312267,87019,50.67619627,-3.243022553,01/05/2022,30/09/2022,True,South West Water Limited,,,South West
ukd1103-45200,Silecroft,Silecroft,45200,1988,,Copeland,Cumbria,England,312000,481200,54.21894706,-3.351102516,01/05/2022,30/09/2022,False,United Utilities Water Limited,,,North West
ukd1101-46300,Silloth,Silloth,46300,1988,2018.0,Allerdale,Cumbria,England,309656,553195,54.86534537,-3.409142361,01/05/2017,30/09/2017,True,United Utilities Water Limited,,,North West
ukf3102-09700,Skegness,Skegness,9700,1988,,East Lindsey,Lincolnshire,England,557243,363356,53.14414641,0.349547789,01/05/2022,30/09/2022,False,Anglian Water Services Limited,,,East Midlands
uke1200-08600,Skipsea,Skipsea,8600,1988,,East Riding of Yorkshire,,England,518837,453277,53.96194028,-0.190183487,01/05/2022,30/09/2022,False,Yorkshire Water Services Limited,,,Yorkshire and The Humber
ukk4305-24900,Slapton Sands Monument,Slapton_Sands_Monument,24900,1988,,South Hams,Devon,England,282900,44180,50.28593837,-3.645066662,01/05/2022,30/09/2022,False,South West Water Limited,,,South West
ukk4305-25000,Slapton Sands Torcross,Slapton_Sands_Torcross,25000,1988,,South Hams,Devon,England,282350,42000,50.26623149,-3.652104828,01/05/2022,30/09/2022,False,South West Water Limited,,,South West
ukc2204-05300,South Shields,South_Shields,5300,1988,,South Tyneside,,England,437900,567400,54.99974719,-1.409089561,01/05/2022,30/09/2022,False,Northumbrian Water Limited,,,North East
ukh3100-11902,Southend Chalkwell,Southend_Chalkwell,11902,2003,,Southend-on-Sea,,England,585470,185440,51.53739784,0.672910968,01/05/2022,30/09/2022,True,Anglian Water Services Limited,,,East of England
ukh3100-11830,Southend Jubilee,Southend_Jubilee,11830,2003,,Southend-on-Sea,,England,589000,184500,51.52778563,0.723245133,01/05/2022,30/09/2022,True,Anglian Water Services Limited,,,East of England
ukh3100-11800,Southend Thorpe Bay,Southend_Thorpe_Bay,11800,1988,,Southend-on-Sea,,England,591100,184700,51.52887567,0.75359005,01/05/2022,30/09/2022,False,Anglian Water Services Limited,,,East of England
ukh3100-11850,Southend Three Shells,Southend_Three_Shells,11850,2001,,Southend-on-Sea,,England,588200,185050,51.53299233,0.712019813,01/05/2022,30/09/2022,True,Anglian Water Services Limited,,,East of England
ukh3100-11900,Southend Westcliff Bay,Southend_Westcliff_Bay,11900,1988,,Southend-on-Sea,,England,586450,185250,51.53536879,0.686924508,01/05/2022,30/09/2022,False,Anglian Water Services Limited,,,East of England
ukd5300-41500,Southport,Southport,41500,1988,,Sefton,,England,332200,417900,53.65319124,-3.027301399,01/05/2022,30/09/2022,True,United Utilities Water Limited,"Step Change in water quality from 05/05/2014, due to improvements made to Water plc assets.",05/05/2014,North West
ukj3100-16600,Southsea East,Southsea_East,16600,1988,,City of Portsmouth,,England,465000,98080,50.77866452,-1.079437834,01/05/2022,30/09/2022,False,Southern Water Services Limited,,,South East
ukj2401-15100,Southwick,Southwick,15100,1988,,Adur,West Sussex,England,524358,104728,50.82875111,-0.235618078,01/05/2022,30/09/2022,False,Southern Water Services Limited,,,South East
ukh1407-10850,Southwold The Denes,Southwold_The_Denes,10850,1990,,East Suffolk,Suffolk,England,650800,275400,52.31936197,1.678618832,01/05/2022,30/09/2022,True,Anglian Water Services Limited,,,East of England
ukh1407-10830,Southwold The Pier,Southwold_The_Pier,10830,2000,,East Suffolk,Suffolk,England,651300,276700,52.33079656,1.686909613,01/05/2022,30/09/2022,False,Anglian Water Services Limited,,,East of England
ukc2102-03600,Spittal,Spittal,3600,1988,,Northumberland,,England,400800,651500,55.75686835,-1.98883938,01/05/2022,30/09/2022,True,Northumbrian Water Limited,,,North East
ukd4303-41800,St Annes,St_Annes,41800,1988,,Fylde,Lancashire,England,331491,428585,53.7491,-3.0404,01/05/2022,30/09/2022,True,United Utilities Water Limited,"Step Change in water quality from 05/05/2014, due to improvements made to Water plc assets.",05/05/2014,North West
ukd4303-41900,St Annes North,St_Annes_North,41900,1988,,Fylde,Lancashire,England,330816,429775,53.7597173,-3.050878218,01/05/2022,30/09/2022,True,United Utilities Water Limited,"Step Change in water quality from 05/05/2014, due to improvements made to Water plc assets.",05/05/2014,North West
ukd1103-45920,St Bees,St_Bees,45920,1988,,Copeland,Cumbria,England,295900,511700,54.48992563,-3.60858869,01/05/2022,30/09/2022,True,United Utilities Water Limited,,,North West
ukj3400-18100,St Helens,St_Helens,18100,1988,,Isle of Wight,,England,463755,89160,50.69860767,-1.098645256,01/05/2022,30/09/2022,True,Southern Water Services Limited,,,South East
ukj2202-14150,St Leonards,St_Leonards,14150,1996,,Hastings,East Sussex,England,579700,108700,50.84991654,0.55142669,01/05/2022,30/09/2022,True,Southern Water Services Limited,,,South East
ukj4204-13200,St Margaret`s Bay,St_Margarets_Bay,13200,1988,,Dover,Kent,England,636878,144490,51.15062708,1.385697567,01/05/2022,30/09/2022,False,Southern Water Services Limited,,,South East
ukk4200-24600,St Mary's Bay (Devon),St_Marys_Bay_Devon,24600,1988,,Torbay,,England,293200,55010,50.38525814,-3.503614468,01/05/2022,30/09/2022,False,South West Water Limited,,,South West
ukj4208-13700,St Mary's Bay (Kent),St_Marys_Bay_Kent,13700,1988,,Shepway,Kent,England,609300,127700,51.01059777,0.982258544,01/05/2022,30/09/2022,False,Southern Water Services Limited,,,South East
ukj4210-12400,"St Mildred's Bay, Westgate","St_Mildreds_Bay,_Westgate",12400,1988,,Thanet,Kent,England,632687,170396,51.38489229,1.342726013,01/05/2022,30/09/2022,False,Southern Water Services Limited,,,South East
uke2206-06800,Staithes,Staithes,6800,1988,2016.0,Scarborough,North Yorkshire,England,478411,518828,54.55863296,-0.789035906,01/05/2015,30/09/2015,False,Yorkshire Water Services Limited,,,Yorkshire and The Humber
ukj3305-16700,Stokes Bay,Stokes_Bay,16700,1988,,Gosport,,England,460000,97900,50.7775935,-1.150386997,01/05/2022,30/09/2022,False,Southern Water Services Limited,,,South East
ukk2204-19700,Studland Knoll House,Studland_Knoll_House,19700,1988,,Dorset,,England,403430,83602,50.65209856,-1.952854612,01/05/2022,30/09/2022,False,Wessex Water Services Limited,,,South West
ukk3104-33500,Summerleaze,Summerleaze,33500,1988,,Cornwall,,England,220380,106620,50.83118072,-4.552028256,01/05/2022,30/09/2022,True,South West Water Limited,,,South West
ukf3102-09200,Sutton-on-Sea,Sutton-on-Sea,9200,1988,,East Lindsey,Lincolnshire,England,552242,382171,53.31458807,0.283819713,01/05/2022,30/09/2022,False,Anglian Water Services Limited,,,East Midlands
ukk2204-19800,Swanage Central,Swanage_Central,19800,1988,,Swanage,,England,403102,79303,50.61344026,-1.957528826,01/05/2022,30/09/2022,True,Wessex Water Services Limited,,,South West
ukk3102-28700,Swanpool,Swanpool,28700,1988,,Cornwall,,England,180320,31260,50.14063735,-5.075790012,01/05/2022,30/09/2022,False,South West Water Limited,,,South West
ukj4202-12120,Tankerton,Tankerton,12120,2007,,Canterbury,,England,612120,167333,51.36544329,1.045785165,01/05/2022,30/09/2022,True,Southern Water Services Limited,,,South East
ukk4306-22700,Teignmouth Holcombe,Teignmouth_Holcombe,22700,1988,,Teignbridge,Devon,England,295650,74610,50.56190412,-3.47463851,01/05/2022,30/09/2022,False,South West Water Limited,,,South West
ukk4306-22800,Teignmouth Town,Teignmouth_Town,22800,1988,,Teignbridge,Devon,England,294280,72800,50.54538593,-3.493459527,01/05/2022,30/09/2022,True,South West Water Limited,,,South West
uki1106-11940,The Serpentine - Hyde Park,The_Serpentine_-_Hyde_Park,11940,1998,,City of Westminster,Greater London Authority,England,527170,180030,51.50491379,-0.169107215,01/05/2022,30/09/2022,False,Thames Water Utilities Limited,,,London
ukk4305-25600,Thurlestone North,Thurlestone_North,25600,1988,,South Hams,Devon,England,267400,42100,50.26395979,-3.861792192,01/05/2022,30/09/2022,False,South West Water Limited,,,South West
ukk4305-25500,Thurlestone South,Thurlestone_South,25500,1988,,South Hams,Devon,England,267650,41700,50.26042046,-3.858146594,01/05/2022,30/09/2022,False,South West Water Limited,,,South West
ukk3106-32320,Tolcarne,Tolcarne,32320,1996,,Cornwall,,England,181760,62050,50.41767802,-5.073438598,01/05/2022,30/09/2022,False,South West Water Limited,,,South West
ukk4200-23800,Torre Abbey,Torre_Abbey,23800,1988,,Torbay,,England,291076,63641,50.46245994,-3.535988151,01/05/2022,30/09/2022,True,South West Water Limited,,,South West
ukj3400-17500,Totland Bay,Totland_Bay,17500,1988,,Isle of Wight,,England,432195,86895,50.68083707,-1.545688567,01/05/2022,30/09/2022,False,Southern Water Services Limited,,,South East
ukk3106-32300,Towan,Towan,32300,1988,,Cornwall,,England,180977,61791,50.41829308,-5.084178721,01/05/2022,30/09/2022,False,South West Water Limited,,,South West
ukk3104-33350,Trebarwith Strand,Trebarwith_Strand,33350,2002,,Cornwall,,England,204850,86450,50.64498148,-4.761609732,01/05/2022,30/09/2022,True,South West Water Limited,,,South West
ukk3101-26560,Tregonhawke,Tregonhawke,26560,2018,,Cornwall,,England,240500,51400,50.3408694,-4.242848418,01/05/2022,30/09/2022,False,South West Water Limited,,,South West
ukk3102-31700,Trevaunance Cove,Trevaunance_Cove,31700,1988,,Cornwall,,England,172220,51620,50.32040283,-5.201196356,01/05/2022,30/09/2022,False,South West Water Limited,,,South West
ukk3104-33000,Trevone Bay,Trevone_Bay,33000,1988,,Cornwall,,England,189150,76010,50.54575182,-4.977438588,01/05/2022,30/09/2022,True,South West Water Limited,,,South West
ukk3104-32600,Treyarnon Bay,Treyarnon_Bay,32600,1988,,Cornwall,,England,185860,73960,50.52614597,-5.022629485,01/05/2022,30/09/2022,False,South West Water Limited,,,South West
uke1200-08800,Tunstall,Tunstall,8800,1988,,East Riding of Yorkshire,,England,531960,431028,53.7589043,0.000169098,01/05/2022,30/09/2022,False,Yorkshire Water Services Limited,,,Yorkshire and The Humber
ukc2203-04900,Tynemouth Cullercoats,Tynemouth_Cullercoats,4900,1988,,North Tyneside,,England,436465,571287,55.03478136,-1.431026431,01/05/2022,30/09/2022,True,Northumbrian Water Limited,,,North East
ukc2203-05200,Tynemouth King Edwards Bay,Tynemouth_King_Edwards_Bay,5200,1988,,North Tyneside,,England,437248,569573,55.01932211,-1.418999137,01/05/2022,30/09/2022,False,Northumbrian Water Limited,,,North East
ukc2203-05000,Tynemouth Long Sands North,Tynemouth_Long_Sands_North,5000,1988,,North Tyneside,,England,436619,570803,55.03042103,-1.428678948,01/05/2022,30/09/2022,False,Northumbrian Water Limited,,,North East
ukc2203-05100,Tynemouth Long Sands South,Tynemouth_Long_Sands_South,5100,1988,,North Tyneside,,England,436970,570100,55.02407823,-1.423278822,01/05/2022,30/09/2022,False,Northumbrian Water Limited,,,North East
ukk3105-31350,Upton Towans,Upton_Towans,31350,2018,,Cornwall,,England,157332,40563,50.21519014,-5.402860765,01/05/2022,30/09/2022,False,South West Water Limited,,,South West
ukk3106-28300,Vault Beach,Vault_Beach,28300,1988,,Cornwall,,England,201300,40930,50.23490423,-4.787617015,01/05/2022,30/09/2022,False,South West Water Limited,,,South West
ukj3400-18600,Ventnor,Ventnor,18600,1988,,Isle of Wight,,England,456018,77341,50.59312726,-1.209967684,01/05/2022,30/09/2022,False,Southern Water Services Limited,,,South East
ukd5400-41000,Wallasey,Wallasey,41000,1988,,Wirral,,England,328526,393518,53.43357853,-3.077282921,01/05/2022,30/09/2022,False,United Utilities Water Limited,,,North West
ukd1102-44200,Walney Biggar Bank,Walney_Biggar_Bank,44200,1988,,Barrow-in-Furness,Cumbria,England,317800,467300,54.0950168,-3.258381294,01/05/2022,30/09/2022,True,United Utilities Water Limited,"Step Change in water quality from 30/04/2013, due to improvements made to Water plc assets.",30/04/2013,North West
ukd1102-44300,Walney Sandy Gap,Walney_Sandy_Gap,44300,1988,,Barrow-in-Furness,Cumbria,England,317500,468100,54.10215699,-3.263185667,01/05/2022,30/09/2022,True,United Utilities Water Limited,"Step Change in water quality from 30/04/2013, due to improvements made to Water plc assets.",30/04/2013,North West
ukd1102-44400,Walney West Shore,Walney_West_Shore,44400,1988,,Barrow-in-Furness,Cumbria,England,316984,470183,54.12078226,-3.27163117,01/05/2022,30/09/2022,True,United Utilities Water Limited,"Step Change in water quality from 30/04/2013, due to improvements made to Water plc assets.",30/04/2013,North West
ukj4210-12630,"Walpole Bay, Margate","Walpole_Bay,_Margate",12630,1997,,Thanet,Kent,England,636570,171395,51.39225537,1.399092054,01/05/2022,30/09/2022,False,Southern Water Services Limited,,,South East
ukh3311-11250,Walton,Walton,11250,1988,,Tendring,,England,625550,221560,51.84705731,1.273239241,01/05/2022,30/09/2022,True,Anglian Water Services Limited,,,East of England
ukc2101-04200,Warkworth,Warkworth,4200,1988,,Northumberland,,England,425920,606429,55.35121368,-1.592800275,01/05/2022,30/09/2022,False,Northumbrian Water Limited,,,North East
ukk4200-23200,Watcombe,Watcombe,23200,1988,,Torbay,,England,292620,67300,50.49563904,-3.515294772,01/05/2022,30/09/2022,True,South West Water Limited,,,South West
ukk3106-32400,Watergate Bay,Watergate_Bay,32400,1988,,Cornwall,,England,184070,64860,50.44376703,-5.042589133,01/05/2022,30/09/2022,False,South West Water Limited,,,South West
ukh1305-10000,Wells,Wells,10000,1988,,North Norfolk,Norfolk,England,591400,345600,52.97358259,0.849053395,01/05/2022,30/09/2022,True,Anglian Water Services Limited,,,East of England
ukk4305-26200,Wembury,Wembury,26200,1988,,South Hams,Devon,England,251650,48530,50.31799954,-4.085149698,01/05/2022,30/09/2022,True,South West Water Limited,,,South West
ukk2205-21000,West Bay (West),"West_Bay,_Westgate",21000,1988,,Dorset,,England,345974,90430,50.7109882,-2.766547734,01/05/2022,30/09/2022,True,Wessex Water Services Limited,,,South West
ukj4210-12350,"West Bay, Westgate",West_Bay_West,12350,1997,,Thanet,Kent,England,631968,170175,51.38320256,1.332267285,01/05/2022,30/09/2022,False,Southern Water Services Limited,,,South East
ukj4202-12100,"West Beach, Whitstable","West_Beach,_Whitstable",12100,1988,,Canterbury,,England,609800,166000,51.35433497,1.011721531,01/05/2022,30/09/2022,False,Southern Water Services Limited,,,South East
ukd5400-40750,West Kirby,West_Kirby,40750,1991,,Wirral,,England,320710,386621,53.37047893,-3.193165766,01/05/2022,30/09/2022,False,United Utilities Water Limited,,,North West
ukh3306-11750,West Mersea,West_Mersea,11750,1991,,Colchester,,England,602270,212030,51.77039909,0.930194911,01/05/2022,30/09/2022,False,Anglian Water Services Limited,,,East of England
ukh1305-10125,West Runton,West_Runton,10125,2016,,North Norfolk,Norfolk,England,618660,343207,52.94168221,1.252766632,01/05/2022,30/09/2022,False,Anglian Water Services Limited,,,East of England
ukj2403-16100,West Wittering,West_Wittering,16100,1988,,Chichester,West Sussex,England,476800,98000,50.77651459,-0.912129642,01/05/2022,30/09/2022,False,Southern Water Services Limited,,,South East
ukj4210-12450,"Westbrook Bay, Margate","Westbrook_Bay,_Margate",12450,1997,,Thanet,Kent,England,634100,170600,51.38614289,1.363130237,01/05/2022,30/09/2022,False,Southern Water Services Limited,,,South East
ukk1202-35800,Weston Main,Weston-super-Mare_Sand_Bay,35800,1988,,North Somerset,,England,331600,160700,51.34126129,-2.983382211,01/05/2022,30/09/2022,True,Wessex Water Services Limited,"Step Change in water quality from 01/05/2019, due to elimination of contaminated discharges from a nearby surface water outfall.",30/04/2019,South West
ukk1202-35900,Weston-super-Mare Sand Bay,Weston-super-Mare_Uphill_Slipway,35900,1988,,North Somerset,,England,332838,163267,51.36448756,-2.966097066,01/05/2022,30/09/2022,True,Wessex Water Services Limited,,,South West
ukk1202-35700,Weston-super-Mare Uphill Slipway,Weston_Main,35700,1988,,North Somerset,,England,331092,158867,51.32472047,-2.99031891,01/05/2022,30/09/2022,True,Wessex Water Services Limited,"Step Change in water quality from 30/04/2013, due to improvements made to Water plc assets.",30/04/2013,South West
ukk4307-33900,Westward Ho!,Westward_Ho!,33900,1988,,Torridge,Devon,England,243338,129537,51.04377497,-4.236162882,01/05/2022,30/09/2022,False,South West Water Limited,,,South West
ukk2206-20700,Weymouth Central,Weymouth_Central,20700,1988,,Dorset,,England,368100,79514,50.61446637,-2.452245703,01/05/2022,30/09/2022,False,Wessex Water Services Limited,,,South West
ukk2206-20600,Weymouth Lodmoor,Weymouth_Lodmoor,20600,1988,,Dorset,,England,368820,80780,50.62589003,-2.442176376,01/05/2022,30/09/2022,False,Wessex Water Services Limited,,,South West
uke4100-08901,"Wharfe at Cromwheel, Ilkley","Wharfe_at_Cromwheel,_Ilkley",8901,2021,,Bradford,,England,412167,448432,53.9319,-1.8162,01/05/2022,30/09/2022,False,Yorkshire Water Services Limited,,,Yorkshire and The Humber
ukk3105-30500,Wherry Town,Wherry_Town,30500,1988,,Cornwall,,England,146643,29224,50.10892699,-5.544846226,01/05/2022,30/09/2022,True,South West Water Limited,,,South West
uke2206-07100,Whitby,Whitby,7100,1988,,Scarborough,North Yorkshire,England,489191,511576,54.49169671,-0.624582898,01/05/2022,30/09/2022,False,Yorkshire Water Services Limited,,,Yorkshire and The Humber
ukj3400-18300,Whitecliff Bay,Whitecliff_Bay,18300,1988,,Isle of Wight,,England,464100,86200,50.67195468,-1.0942733,01/05/2022,30/09/2022,False,Southern Water Services Limited,,,South East
ukc2203-04800,Whitley Bay,Whitley_Bay,4800,1988,,North Tyneside,,England,435550,572850,55.048892,-1.445147644,01/05/2022,30/09/2022,False,Northumbrian Water Limited,,,North East
ukk3104-33400,Widemouth Sand,Widemouth_Sand,33400,1988,,Cornwall,,England,219840,102400,50.79310223,-4.557615492,01/05/2022,30/09/2022,True,South West Water Limited,,,South West
uke1200-08200,Wilsthorpe,Wilsthorpe,8200,1988,,East Riding of Yorkshire,,England,517407,464850,54.06621993,-0.207488045,01/05/2022,30/09/2022,True,Yorkshire Water Services Limited,,,Yorkshire and The Humber
ukj2204-14000,Winchelsea,Winchelsea,14000,1988,,Rother,East Sussex,England,591200,115400,50.9064145,0.718105662,01/05/2022,30/09/2022,False,Southern Water Services Limited,,,South East
ukd1203-45700,"Windermere, Fellfoot","Windermere,_Fellfoot",45700,1998,,South Lakeland,,England,337990,486960,54.27451694,-2.953781739,01/05/2022,30/09/2022,False,United Utilities Water Limited,,,North West
ukd1203-45625,"Windermere, Lakeside YMCA","Windermere,_Lakeside_YMCA",45625,1998,,South Lakeland,,England,337528,489847,54.30039495,-2.961462962,01/05/2022,30/09/2022,False,United Utilities Water Limited,,,North West
ukd1203-45650,"Windermere, Millerground Landing","Windermere,_Millerground_Landing",45650,1998,,South Lakeland,,England,340178,498749,54.3807,-2.9225,01/05/2022,30/09/2022,False,United Utilities Water Limited,,,North West
ukd1203-45675,"Windermere, Rayrigg Meadow","Windermere,_Rayrigg_Meadow",45675,2015,,South Lakeland,,England,340177,498465,54.37815373,-2.922496442,01/05/2022,30/09/2022,False,United Utilities Water Limited,,,North West
uke1200-08900,Withernsea,Withernsea,8900,1988,,East Riding of Yorkshire,,England,534413,427970,53.7308197,0.036007805,01/05/2022,30/09/2022,False,Yorkshire Water Services Limited,,,Yorkshire and The Humber
ukj1402-11946,Wolvercote Mill Stream,Wolvercote_Mill_Stream,11946,2022,,Oxford,Oxfordshire,England,448665,209362,51.78082,-1.29596,01/05/2022,30/09/2022,False,,,,South East
ukk4304-34400,Woolacombe Village,Woolacombe_Village,34400,1988,,North Devon,Devon,England,245620,143700,51.17165327,-4.209699924,01/05/2022,30/09/2022,True,South West Water Limited,,,South West
ukj2407-15400,Worthing,Worthing,15400,1988,,Worthing,West Sussex,England,513900,102100,50.80727818,-0.384860538,01/05/2022,30/09/2022,True,Southern Water Services Limited,,,South East
ukj3400-18350,Yaverland,Yaverland,18350,2008,,Isle of Wight,,England,461360,85040,50.661819,-1.133235104,01/05/2022,30/09/2022,False,Southern Water Services Limited,,,South East
